{"ta_runs": 10000, "n_configs": 1989, "wallclock_time_used": 389.77691292762756, "ta_time_used": 70.94150161743164, "inc_changed": 6, "_n_configs_per_intensify": 2830, "_n_calls_of_intensify": 188, "_ema_n_configs_per_intensifiy": 24.715121837496135, "_EMA_ALPHA": 0.2}