{"cpu_time": 0, "total_cpu_time": null, "wallclock_time": 8.177757263183594e-05, "evaluations": 0, "cost": -5.2306353960245024, "incumbent": ["0='0'", "1='0'", "2='0'", "3='0'", "4='0'", "5='0'", "6='0'", "7='0'", "8='0'", "9='0'", "env=''1D3M''"], "origin": "Default"}
{"cpu_time": 0.005382061004638672, "total_cpu_time": null, "wallclock_time": 0.020032167434692383, "evaluations": 1, "cost": -5.2306353960245024, "incumbent": ["0='0'", "1='0'", "2='0'", "3='0'", "4='0'", "5='0'", "6='0'", "7='0'", "8='0'", "9='0'", "env=''1D3M''"], "origin": "Default"}
{"cpu_time": 0.021962642669677734, "total_cpu_time": null, "wallclock_time": 0.33812713623046875, "evaluations": 4, "cost": -5.905685616852203, "incumbent": ["0='0'", "1='1'", "2='2'", "3='0'", "4='2'", "5='0'", "6='1'", "7='1'", "8='2'", "9='2'", "env=''1D3M''"], "origin": "Random Search (sorted)"}
{"cpu_time": 0.12753582000732422, "total_cpu_time": null, "wallclock_time": 0.6536283493041992, "evaluations": 22, "cost": -5.607653792190392, "incumbent": ["0='2'", "1='2'", "2='1'", "3='2'", "4='0'", "5='0'", "6='1'", "7='1'", "8='1'", "9='0'", "env=''1D3M''"], "origin": "Random Search (sorted)"}
{"cpu_time": 0.3025970458984375, "total_cpu_time": null, "wallclock_time": 1.4214003086090088, "evaluations": 42, "cost": -6.119284599935592, "incumbent": ["0='1'", "1='2'", "2='1'", "3='2'", "4='0'", "5='0'", "6='1'", "7='1'", "8='1'", "9='1'", "env=''1D3M''"], "origin": "Local Search"}
{"cpu_time": 2.8614141941070557, "total_cpu_time": null, "wallclock_time": 12.939465522766113, "evaluations": 454, "cost": -6.272575315514251, "incumbent": ["0='2'", "1='1'", "2='0'", "3='1'", "4='1'", "5='1'", "6='1'", "7='0'", "8='1'", "9='1'", "env=''1D3M''"], "origin": "Local Search"}
{"cpu_time": 12.367340326309204, "total_cpu_time": null, "wallclock_time": 61.0566189289093, "evaluations": 2059, "cost": -6.71595192808729, "incumbent": ["0='0'", "1='1'", "2='1'", "3='1'", "4='0'", "5='1'", "6='1'", "7='1'", "8='1'", "9='1'", "env=''1D3M''"], "origin": "Local Search"}
